{
  "Macro Page" : {
    "transaction" : "Macro Page",
    "sampleCount" : 3,
    "errorCount" : 0,
    "errorPct" : 0.0,
    "meanResTime" : 29.0,
    "medianResTime" : 28.0,
    "minResTime" : 15.0,
    "maxResTime" : 44.0,
    "pct1ResTime" : 44.0,
    "pct2ResTime" : 44.0,
    "pct3ResTime" : 44.0,
    "throughput" : 34.48275862068965,
    "receivedKBytesPerSec" : 1061.0519935344828,
    "sentKBytesPerSec" : 6.364493534482759
  },
  "Pace Page" : {
    "transaction" : "Pace Page",
    "sampleCount" : 1,
    "errorCount" : 0,
    "errorPct" : 0.0,
    "meanResTime" : 29.0,
    "medianResTime" : 29.0,
    "minResTime" : 29.0,
    "maxResTime" : 29.0,
    "pct1ResTime" : 29.0,
    "pct2ResTime" : 29.0,
    "pct3ResTime" : 29.0,
    "throughput" : 34.48275862068965,
    "receivedKBytesPerSec" : 1564.9245689655172,
    "sentKBytesPerSec" : 6.431842672413793
  },
  "Calorie Page" : {
    "transaction" : "Calorie Page",
    "sampleCount" : 14,
    "errorCount" : 0,
    "errorPct" : 0.0,
    "meanResTime" : 224.21428571428572,
    "medianResTime" : 253.5,
    "minResTime" : 11.0,
    "maxResTime" : 430.0,
    "pct1ResTime" : 428.5,
    "pct2ResTime" : 430.0,
    "pct3ResTime" : 430.0,
    "throughput" : 23.064250411861615,
    "receivedKBytesPerSec" : 1047.0165774299835,
    "sentKBytesPerSec" : 4.302023270181219
  },
  "BMI Page" : {
    "transaction" : "BMI Page",
    "sampleCount" : 11,
    "errorCount" : 0,
    "errorPct" : 0.0,
    "meanResTime" : 14.18181818181818,
    "medianResTime" : 12.0,
    "minResTime" : 10.0,
    "maxResTime" : 26.0,
    "pct1ResTime" : 25.200000000000003,
    "pct2ResTime" : 26.0,
    "pct3ResTime" : 26.0,
    "throughput" : 60.10928961748633,
    "receivedKBytesPerSec" : 1401.6500170765028,
    "sentKBytesPerSec" : 10.976989412568306
  },
  "Total" : {
    "transaction" : "Total",
    "sampleCount" : 39,
    "errorCount" : 0,
    "errorPct" : 0.0,
    "meanResTime" : 91.46153846153848,
    "medianResTime" : 15.0,
    "minResTime" : 10.0,
    "maxResTime" : 430.0,
    "pct1ResTime" : 426.0,
    "pct2ResTime" : 427.0,
    "pct3ResTime" : 430.0,
    "throughput" : 62.00317965023847,
    "receivedKBytesPerSec" : 1963.1219569753578,
    "sentKBytesPerSec" : 11.425315480922098
  },
  "BMR Page" : {
    "transaction" : "BMR Page",
    "sampleCount" : 10,
    "errorCount" : 0,
    "errorPct" : 0.0,
    "meanResTime" : 15.6,
    "medianResTime" : 11.0,
    "minResTime" : 10.0,
    "maxResTime" : 37.0,
    "pct1ResTime" : 35.400000000000006,
    "pct2ResTime" : 37.0,
    "pct3ResTime" : 37.0,
    "throughput" : 51.02040816326531,
    "receivedKBytesPerSec" : 1046.2671396683672,
    "sentKBytesPerSec" : 9.31720344387755
  }
}